"category","subcategory","ID","Description","GeneRatio","BgRatio","RichFactor","FoldEnrichment","zScore","pvalue","p.adjust","qvalue","geneID","Count"
"Genetic Information Processing","Replication and repair","hsa03030","DNA replication","15/907","34/6102",0.441176470588235,2.96809131590894,4.8080978515925,3.93036339321239e-05,0.00820172280939104,0.00820172280939104,"4171/5984/5427/4174/3978/5983/5985/6117/4175/6119/4172/4176/5422/10535/54107",15
"Cellular Processes","Cell growth and death","hsa04110","Cell cycle","39/907","141/6102",0.276595744680851,1.86084590302376,4.32102513318342,5.30590978871318e-05,0.00820172280939104,0.00820172280939104,"4171/1869/1663/9134/9088/1111/23244/4174/983/1027/9319/8881/9212/6502/1032/890/81620/5347/23594/991/4175/10926/4088/8318/7531/57082/1875/4085/4089/4172/4176/1017/5000/113130/27085/9700/157570/10403/10735",39
"Metabolism","Lipid metabolism","hsa00100","Steroid biosynthesis","10/907","18/6102",0.555555555555556,3.73759647188534,4.85984549628087,7.03004812233518e-05,0.00820172280939104,0.00820172280939104,"51478/1594/1595/6307/1717/10682/6309/6713/2222/1718",10
"Human Diseases","Immune disease","hsa05332","Graft-versus-host disease","9/907","17/6102",0.529411764705882,3.56170957909073,4.41911640673052,0.000268278814941076,0.0234743963073442,0.0234743963073442,"3824/3134/3106/3105/3107/3123/3133/3115/3108",9
